{"reward_per_epi": 0.0, "reward_per_rollout": 0.0, "step": 995, "_timestamp": 1750947286.5267718, "data/int_reward_per_epi": 0.0, "data/int_reward_per_rollout": 0.0, "data/max_prob": 0.05569658428430557, "_runtime": 4922.851996898651, "_step": 208, "_wandb": {"runtime": 5010}}