{"reward_per_epi": 0.0, "reward_per_rollout": 0.0, "step": 79, "_timestamp": 1750927906.1017692, "_runtime": 186.972736120224, "_step": 2, "data/int_reward_per_epi": 0.0, "data/int_reward_per_rollout": 0.0, "data/max_prob": 0.05555615574121475, "_wandb": {"runtime": 183}}