{"reward_per_epi": 0.0, "reward_per_rollout": 0.0, "step": 42, "_timestamp": 1750930654.589517, "_runtime": 222.3053801059723, "_step": 1, "_wandb": {"runtime": 249}}