{"reward_per_epi": 0.0, "reward_per_rollout": 0.0, "step": 53, "_timestamp": 1750926843.663162, "_runtime": 127.70665192604065, "_step": 3, "data/int_reward_per_epi": 0.0, "data/int_reward_per_rollout": 0.0, "data/max_prob": 0.055556125938892365, "_wandb": {"runtime": 172}}