{"reward_per_epi": 0.0, "reward_per_rollout": 0.0, "step": 24, "_timestamp": 1750929614.674779, "_runtime": 204.27488088607788, "_step": 1, "_wandb": {"runtime": 236}}