{"reward_per_epi": 0.0, "reward_per_rollout": 0.0, "step": 54, "_timestamp": 1750925889.4268885, "_runtime": 168.2915484905243, "_step": 3, "data/int_reward_per_epi": 0.0, "data/int_reward_per_rollout": 0.0, "data/max_prob": 0.05555645003914833, "_wandb": {"runtime": 222}}