{"reward_per_epi": 0.0, "reward_per_rollout": 0.0, "step": 82, "_timestamp": 1750929295.13601, "data/int_reward_per_epi": 0.0, "data/int_reward_per_rollout": 0.0, "data/max_prob": 0.05564569681882858, "_runtime": 358.52415800094604, "_step": 3, "_wandb": {"runtime": 384}}