{"reward_per_epi": 0.0, "reward_per_rollout": 0.0, "step": 97, "_timestamp": 1750927679.2148166, "_runtime": 56.97030758857727, "_step": 1, "_wandb": {"runtime": 55}}