{"reward_per_epi": 0.0, "reward_per_rollout": 0.0, "step": 46, "_timestamp": 1750941434.5429735, "data/int_reward_per_epi": 0.0, "data/int_reward_per_rollout": 0.0, "data/max_prob": 0.3117254376411438, "_runtime": 9041.096680402756, "_step": 553, "_wandb": {"runtime": 9052}}