{"data/max_prob":0.055556923151016235,"_timestamp":1.7510026065740297e+09,"_runtime":2232.27567733,"_step":38,"data/int_reward_per_rollout":1.328121304512024,"data/reward_per_rollout":0,"_wandb":{"runtime":2232},"data/int_reward_per_epi":5.50209903717041}