{"reward_per_epi": 0.0, "reward_per_rollout": 0.0, "step": 308, "_timestamp": 1750946493.9018862, "data/int_reward_per_epi": 0.0, "data/int_reward_per_rollout": 0.0, "data/max_prob": 0.05569658428430557, "_runtime": 4130.227111339569, "_step": 169}