{"reward_per_epi": 0.0, "reward_per_rollout": 0.0, "step": 68, "_timestamp": 1750942343.5306726, "_runtime": 528.0149595737457, "_step": 15, "data/int_reward_per_epi": 0.0, "data/int_reward_per_rollout": 0.0, "data/max_prob": 0.05574830621480942, "_wandb": {"runtime": 524}}