{"_timestamp":1.7510184233312151e+09,"_wandb":{"runtime":15664},"data/int_reward_per_epi":0.6306517720222473,"sample_episode":122,"data/reward_per_epi":0,"data/max_prob":0.08247937262058258,"global_update":386,"data/reward_per_rollout":0,"data/int_reward_per_rollout":0.6306517720222473,"data/step":48831,"_runtime":15658.027742818,"_step":1015}